{"cameraMode":{"drawMode":0,"name":"Shaded","section":"Shading Mode"},"sceneLighting":false,"audioPlay":false,"sceneViewState":{"m_AlwaysRefresh":false,"showFog":true,"showSkybox":false,"showFlares":true,"showImageEffects":true,"showParticleSystems":true,"showVisualEffectGraphs":true,"m_FxEnabled":false},"in2DMode":false,"pivot":{"x":0.08320213854312897,"y":0.23067454993724824,"z":0.059551894664764407},"rotation":{"x":-0.03257455676794052,"y":-0.5845400094985962,"z":-0.023524455726146699,"w":0.8104068636894226},"size":0.21646776795387269,"orthographic":false}