{"cameraMode":{"drawMode":0,"name":"Shaded","section":"Shading Mode"},"sceneLighting":false,"audioPlay":false,"sceneViewState":{"m_AlwaysRefresh":false,"showFog":true,"showSkybox":false,"showFlares":true,"showImageEffects":true,"showParticleSystems":true,"showVisualEffectGraphs":true,"m_FxEnabled":false},"in2DMode":false,"pivot":{"x":-1.4284746646881104,"y":0.7974090576171875,"z":2.7515738010406496},"rotation":{"x":0.13254576921463014,"y":0.6259522438049316,"z":-0.10906017571687699,"w":0.7607423663139343},"size":0.8660253882408142,"orthographic":false}