{"cameraMode":{"drawMode":0,"name":"Shaded","section":"Shading Mode"},"sceneLighting":false,"audioPlay":false,"sceneViewState":{"m_AlwaysRefresh":false,"showFog":true,"showSkybox":false,"showFlares":true,"showImageEffects":true,"showParticleSystems":true,"showVisualEffectGraphs":true,"m_FxEnabled":false},"in2DMode":false,"pivot":{"x":-0.014999999664723874,"y":0.3540000021457672,"z":-0.017000000923871995},"rotation":{"x":0.119662344455719,"y":0.33545178174972536,"z":-0.04300324618816376,"w":0.9334370493888855},"size":0.8660253882408142,"orthographic":false}