{"cameraMode":{"drawMode":0,"name":"Shaded","section":"Shading Mode"},"sceneLighting":true,"audioPlay":false,"sceneViewState":{"m_AlwaysRefresh":false,"showFog":true,"showSkybox":true,"showFlares":true,"showImageEffects":true,"showParticleSystems":true,"showVisualEffectGraphs":true,"m_FxEnabled":false},"in2DMode":false,"pivot":{"x":-2.243000030517578,"y":1.0499999523162842,"z":-20.518999099731447},"rotation":{"x":0.13664330542087556,"y":-0.2697470784187317,"z":0.03870130702853203,"w":0.9524012207984924},"size":10.053539276123047,"orthographic":false}