{"cameraMode":{"drawMode":0,"name":"Shaded","section":"Shading Mode"},"sceneLighting":true,"audioPlay":false,"sceneViewState":{"m_AlwaysRefresh":false,"showFog":true,"showSkybox":true,"showFlares":true,"showImageEffects":true,"showParticleSystems":true,"showVisualEffectGraphs":true,"m_FxEnabled":false},"in2DMode":false,"pivot":{"x":20.984342575073243,"y":1.6110081672668458,"z":-38.990386962890628},"rotation":{"x":0.11108887940645218,"y":0.7464703917503357,"z":-0.1289050430059433,"w":0.6432966589927673},"size":1.6017603874206544,"orthographic":false}