{"cameraMode":{"drawMode":0,"name":"Shaded","section":"Shading Mode"},"sceneLighting":false,"audioPlay":false,"sceneViewState":{"m_AlwaysRefresh":false,"showFog":true,"showSkybox":false,"showFlares":true,"showImageEffects":true,"showParticleSystems":true,"showVisualEffectGraphs":true,"m_FxEnabled":false},"in2DMode":false,"pivot":{"x":0.9270963072776794,"y":0.16470681130886079,"z":1.921320915222168},"rotation":{"x":0.119662344455719,"y":0.33545178174972536,"z":-0.04300324618816376,"w":0.9334370493888855},"size":1.8170502185821534,"orthographic":false}