{"cameraMode":{"drawMode":0,"name":"Shaded","section":"Shading Mode"},"sceneLighting":false,"audioPlay":false,"sceneViewState":{"m_AlwaysRefresh":false,"showFog":true,"showSkybox":false,"showFlares":true,"showImageEffects":true,"showParticleSystems":true,"showVisualEffectGraphs":true,"m_FxEnabled":false},"in2DMode":false,"pivot":{"x":0.6163733005523682,"y":1.4705688953399659,"z":2.637434482574463},"rotation":{"x":0.03295012190937996,"y":0.6519752740859985,"z":-0.02837865799665451,"w":0.7569937109947205},"size":2.3860602378845217,"orthographic":false}